comparison_side_length,percent_correct
1.716261515,65.88921283
2.210777544,83.09037901
2.472580148,90.96209913
2.734382752,99.70845481
3.112542069,99.70845481
3.432523029,100
4.857892762,100
6.894135237,100
