"k_estimate","k_lower_95","k_upper_95","AIC_k","AIC_k_95","AIC_0","AIC_1","Estimate","Std. Error","t value","Pr(>|t|)","R2","model","filename","n_pairs"
1.2215,0.9432,1.5244,-40.2067,-38.2067,-31.8892,-38.853,0.338265649231036,0.091243707114907,3.70727647885946,0.00263326422900862,0.514598936831682,"gaussian","agrillo2008",14
