"k_estimate","k_lower_95","k_upper_95","AIC_k","AIC_k_95","AIC_0","AIC_1","Estimate","Std. Error","t value","Pr(>|t|)","R2","model","filename","n_pairs"
0.8452,0.5394,1.0384,-71.6538,-69.6538,-67.3792,-70.3683,0.0666036165477606,0.0167774356517589,3.96983293098061,0.000898201539113863,0.467099373092253,"gaussian","agrillo2012",10
