"k_estimate","k_lower_95","k_upper_95","AIC_k","AIC_k_95","AIC_0","AIC_1","Estimate","Std. Error","z value","Pr(>|z|)","R2","model","filename","n_pairs"
5.2908,0.2686,14.1245,310.8169,312.8169,313.055,312.2369,2919843657.13111,866692622.046113,3.36894947857968,0.000754552580212019,0.0639703186790389,"binomial","bee2012",6
