"k_estimate","k_lower_95","k_upper_95","AIC_k","AIC_k_95","AIC_0","AIC_1","Estimate","Std. Error","z value","Pr(>|z|)","R2","model","filename","n_pairs"
1.4389,0.679,2.3196,273.9835,275.9835,279.9977,274.6611,2.13127271591966,0.629940983675757,3.38328950036479,0.000716230893523714,0.0724518670530587,"binomial","beran2012",10
