"k_estimate","k_lower_95","k_upper_95","AIC_k","AIC_k_95","AIC_0","AIC_1","Estimate","Std. Error","z value","Pr(>|z|)","R2","model","filename","n_pairs"
1.0394,0.9192,1.1657,151.1871,153.1871,179.0209,151.403,3.74254933613824,0.948807147670232,3.94447843835068,7.99738485968118e-05,0.50128534313113,"binomial","bizo2006",110
