"k_estimate","k_lower_95","k_upper_95","AIC_k","AIC_k_95","AIC_0","AIC_1","Estimate","Std. Error","z value","Pr(>|z|)","R2","model","filename","n_pairs"
0.2329,0.0996,0.3669,246.0468,248.0468,252.1586,304.5135,0.496300352773969,0.0193030559141559,25.7109731734242,8.81219478310054e-146,0.99999999999995,"binomial","camarillo2012",12
