"k_estimate","k_lower_95","k_upper_95","AIC_k","AIC_k_95","AIC_0","AIC_1","Estimate","Std. Error","t value","Pr(>|t|)","R2","model","filename","n_pairs"
2.0105,0.9463,3.5191,320.9287,322.9287,327.1813,322.7293,129.997983979385,41.3782658222155,3.14169725086909,0.00178738083100245,0.0220985257754962,"gaussian","caves2023",11
