"k_estimate","k_lower_95","k_upper_95","AIC_k","AIC_k_95","AIC_0","AIC_1","Estimate","Std. Error","z value","Pr(>|z|)","R2","model","filename","n_pairs"
0.9633,0.8666,1.0641,67.4015,69.4015,217.5723,67.6754,9.26875318316487,0.894627359768114,10.3604624673756,3.75143782848053e-25,0.999994694568795,"binomial","dehnhardt1994",29
