"k_estimate","k_lower_95","k_upper_95","AIC_k","AIC_k_95","AIC_0","AIC_1","Estimate","Std. Error","z value","Pr(>|z|)","R2","model","filename","n_pairs"
1.1599,0.8834,1.3588,64.6698,66.6698,71.8645,65.5415,2.09834886268448,0.724755745012426,2.89524971292018,0.00378857018515292,0.484482155965627,"binomial","franks2005_num",9
