"k_estimate","k_lower_95","k_upper_95","AIC_k","AIC_k_95","AIC_0","AIC_1","Estimate","Std. Error","z value","Pr(>|z|)","R2","model","filename","n_pairs"
1.1982,1.0375,1.3469,228.7909,230.7909,277.7577,231.761,3.19827769623022,0.312230359215241,10.2433270879512,1.26799385386088e-24,0.941442093158876,"binomial","frech2012",57
