"k_estimate","k_lower_95","k_upper_95","AIC_k","AIC_k_95","AIC_0","AIC_1","Estimate","Std. Error","z value","Pr(>|z|)","R2","model","filename","n_pairs"
0.6472,0.2382,1.1306,37.0862,39.0862,42.226,38.2276,0.796497894250369,0.151561966599689,5.25526233341976,1.47813624138745e-07,0.996442614742469,"binomial","hampson2010_duration",9
