"k_estimate","k_lower_95","k_upper_95","AIC_k","AIC_k_95","AIC_0","AIC_1","Estimate","Std. Error","z value","Pr(>|z|)","R2","model","filename","n_pairs"
0.8928,0.8695,0.9155,1098.4661,1100.4661,2076.9145,1145.5962,3.01184351463563,0.0737952705874826,40.813503232096,0,0.999999903843363,"binomial","klink2004",143
