"k_estimate","k_lower_95","k_upper_95","AIC_k","AIC_k_95","AIC_0","AIC_1","Estimate","Std. Error","z value","Pr(>|z|)","R2","model","filename","n_pairs"
0.6931,-2.1356,3.5546,172.8833,174.8833,173.0039,172.9069,13.7715382874747,2.09388280971071,6.57703393122431,4.79925287475068e-11,0.935839086027714,"binomial","kloepper2010",12
