"k_estimate","k_lower_95","k_upper_95","AIC_k","AIC_k_95","AIC_0","AIC_1","Estimate","Std. Error","t value","Pr(>|t|)","R2","model","filename","n_pairs"
1.6721,1.3026,2.9771,-59.7073,-57.7073,-58.6976,-56.5888,0.00285661438688855,0.00160888592797723,1.77552325942712,0.0783894227779531,0.0264637735714768,"gaussian","kwek2023",114
