"k_estimate","k_lower_95","k_upper_95","AIC_k","AIC_k_95","AIC_0","AIC_1","Estimate","Std. Error","z value","Pr(>|z|)","R2","model","filename","n_pairs"
1.5816,1.3764,1.8176,1021.0983,1023.0983,1065.3004,1036.5698,27.9899007218317,4.42716545057091,6.32230736220221,2.57686168872202e-10,0.0788656329412273,"binomial","labarbera2020",15
