"k_estimate","k_lower_95","k_upper_95","AIC_k","AIC_k_95","AIC_0","AIC_1","Estimate","Std. Error","z value","Pr(>|z|)","R2","model","filename","n_pairs"
-8.4526,-13.878,3.463,7.9481,9.9481,9.562,9.7051,3.44367920204103e-15,4.68290944420756e-14,0.0735371726288798,0.94137866465597,0.999999999999991,"binomial","limousin2009",4
