"k_estimate","k_lower_95","k_upper_95","AIC_k","AIC_k_95","AIC_0","AIC_1","Estimate","Std. Error","z value","Pr(>|z|)","R2","model","filename","n_pairs"
-0.6085,-2.5781,1.2843,32.703,34.703,32.9204,34.173,0.098195666240254,0.025480680655763,3.85373010897356,0.000116331827132329,0.956441287168569,"binomial","liu2005",9
