"k_estimate","k_lower_95","k_upper_95","AIC_k","AIC_k_95","AIC_0","AIC_1","Estimate","Std. Error","z value","Pr(>|z|)","R2","model","filename","n_pairs"
0.6502,0.4613,0.8375,100.578,102.578,120.8041,107.3675,0.174348795986492,0.0159281339952958,10.9459649220671,6.94739968351324e-28,0.999958742199028,"binomial","musall2014",14
