"k_estimate","k_lower_95","k_upper_95","AIC_k","AIC_k_95","AIC_0","AIC_1","Estimate","Std. Error","z value","Pr(>|z|)","R2","model","filename","n_pairs"
1.9124,1.8262,2,1811.4718,1813.4718,2693.8984,2050.8553,54.0490498751773,1.60640660603695,33.6459335214749,3.57554220321101e-248,0.99999998847554,"binomial","nachev2013_bats",15
