"k_estimate","k_lower_95","k_upper_95","AIC_k","AIC_k_95","AIC_0","AIC_1","Estimate","Std. Error","z value","Pr(>|z|)","R2","model","filename","n_pairs"
0.7574,0.6651,0.8492,194.4459,196.4459,295.8757,208.1192,-5.51565698130239,0.36287407609094,-15.1999201505927,3.54052344173643e-52,0.999645959431677,"binomial","nieder2003",69
