"k_estimate","k_lower_95","k_upper_95","AIC_k","AIC_k_95","AIC_0","AIC_1","Estimate","Std. Error","z value","Pr(>|z|)","R2","model","filename","n_pairs"
0.8615,0.8542,0.8686,1000454.8507,1000456.8507,1005399.4249,1001612.6869,-0.0877457932926033,0.000900418467454465,-97.4500151475855,0,0.0182209244063502,"binomial","perna2012",742817
