"k_estimate","k_lower_95","k_upper_95","AIC_k","AIC_k_95","AIC_0","AIC_1","Estimate","Std. Error","z value","Pr(>|z|)","R2","model","filename","n_pairs"
0.4539,0.265,0.6458,124.8213,126.8213,136.1158,139.643,1.11179599287381,0.0862537948197776,12.8898211979757,5.13627553674896e-38,0.999770669147493,"binomial","romo2003",18
