"k_estimate","k_lower_95","k_upper_95","AIC_k","AIC_k_95","AIC_0","AIC_1","Estimate","Std. Error","z value","Pr(>|z|)","R2","model","filename","n_pairs"
-0.167,-0.2532,-0.0861,252.5384,254.5384,261.1996,360.2221,0.120592125080033,0.0108336287048448,11.1312772816465,8.83601949652826e-29,0.975805058817382,"binomial","salinas2000",20
