"k_estimate","k_lower_95","k_upper_95","AIC_k","AIC_k_95","AIC_0","AIC_1","Estimate","Std. Error","z value","Pr(>|z|)","R2","model","filename","n_pairs"
1.0075,0.6965,1.3489,282.0701,284.0701,298.4998,282.0713,2.93862359461707,0.629717717253248,4.66657283748501,3.06265109180632e-06,0.171544014366128,"binomial","schwartz2001_total",294
