"k_estimate","k_lower_95","k_upper_95","AIC_k","AIC_k_95","AIC_0","AIC_1","Estimate","Std. Error","z value","Pr(>|z|)","R2","model","filename","n_pairs"
0.575,-0.3033,1.4157,270.4025,272.4025,271.2865,270.9122,1.61989891394911,0.25898543239163,6.25478776543519,3.98056856223297e-10,0.261679537837234,"binomial","schwartz2001_percall",290
