ratio,prop_larger
0.250163867,0.808853119
0.329835891,0.6861167
0.399671863,0.748490946
0.499999597,0.561368209
0.599343726,0.559356137
0.66032725,0.311871227
0.749835327,0.498993964
