"a","b","abs_diff","mean_ab","response","N"
2,3,1,2.5,1,3
3,4,1,3.5,0.615384615384615,13
4,5,1,4.5,0.333333333333333,9
5,6,1,5.5,0,1
