"a","b","abs_diff","mean_ab","response","N"
3,5,2,4,0.858333333,160
4,5,1,4.5,0.733333333,160
5,6,1,5.5,0.608333333,160
5,7,2,6,0.754166667,160
5,8,3,6.5,0.675,160
