"a","b","abs_diff","mean_ab","N","response"
1,10,9,5.5,14,1
1,5,4,3,11,0.909090909090909
1,3,2,2,12,0.916666666666667
1,3,2,2,11,0.636363636363636
1,5,4,3,9,0.666666666666667
1,10,9,5.5,15,0.666666666666667
1,2,1,1.5,14,0.357142857142857
1,2,1,1.5,2,0
2,4,2,3,4,0.5
2,6,4,4,11,0.727272727272727
2,10,8,6,9,0.777777777777778
3,9,6,6,15,0.666666666666667
4,24,20,14,20,0.7
2,4,2,3,11,0.454545454545455
1,3,2,2,3,0.666666666666667
1,10,9,5.5,17,0.588235294117647
