"a","b","abs_diff","mean_ab","response","N"
12,3,9,7.5,0.775720165,14
8,2,6,5,0.835390947,14
9,3,6,6,0.689300412,14
6,2,4,4,0.748971193,14
8,4,4,6,0.66872428,14
6,3,3,4.5,0.722222222,14
4,2,2,3,0.619341564,14
