"a","b","abs_diff","mean_ab","response","N"
2,3,1,2.5,0.5656069364,80
2,4,2,3,0.5369942197,80
2,5,3,3.5,0.6774566474,80
2,6,4,4,0.7346820809,80
2,7,5,4.5,0.7867052023,80
2,8,6,5,0.924566474,80
6,5,1,5.5,0.589244186,80
6,4,2,5,0.6284883721,80
6,3,3,4.5,0.6520348837,80
6,2,4,4,0.7488372093,80
8,6,2,7,0.4507437943,80
8,5,3,6.5,0.6612379066,80
8,4,4,6,0.7367499573,80
8,3,5,5.5,0.7747394663,80
8,2,6,5,0.935233895,80
