"a","b","abs_diff","mean_ab","response","N"
1,3,2,2,0.1206896552,6
2,3,1,2.5,0.4166666667,6
3,3,0,3,0.6781609195,6
4,3,1,3.5,0.6896551724,6
5,3,2,4,0.5201149425,6
