"a","b","abs_diff","mean_ab","response","N"
63,75,12,69,1,39
69,75,6,72,0.972972972972973,37
78.5,75,3.5,76.75,0.975609756097561,41
81,75,6,78,1,40
