"k_estimate","k_lower_95","k_upper_95","AIC_k","AIC_k_95","AIC_0","AIC_1","Estimate","Std. Error","z value","Pr(>|z|)","R2","model","filename","n_pairs"
4.2924,-5.9112,11.0255,150.5617,152.5617,151.0089,150.8367,3376046.89179828,524359.548060858,6.43841979093026,1.20723727430954e-10,0.877763686866052,"binomial","bartsch1993",22
