"k_estimate","k_lower_95","k_upper_95","AIC_k","AIC_k_95","AIC_0","AIC_1","Estimate","Std. Error","z value","Pr(>|z|)","R2","model","filename","n_pairs"
2.9174,1.9561,7.3821,36.6658,38.6658,58.156,48.3472,43.0518867659621,9.72738062922419,4.42584580648775,9.60651282172402e-06,0.992917298168639,"binomial","bogale2011",5
