"k_estimate","k_lower_95","k_upper_95","AIC_k","AIC_k_95","AIC_0","AIC_1","Estimate","Std. Error","z value","Pr(>|z|)","R2","model","filename","n_pairs"
1.2417,0.2726,2.0755,99.5097,101.5097,102.4134,99.6715,27.3961371470522,9.50872258670212,2.88115852547486,0.00396216305811022,0.124611431223357,"binomial","dixit2022",119
