"k_estimate","k_lower_95","k_upper_95","AIC_k","AIC_k_95","AIC_0","AIC_1","Estimate","Std. Error","z value","Pr(>|z|)","R2","model","filename","n_pairs"
-2.4305,-2.6138,-2.2644,5309.8815,5311.8815,5758.6726,5755.3531,0.219405676776652,0.0116270741645522,18.870239724243,2.00387427323114e-79,0.129142991596611,"binomial","firzlaff2006",51
