"k_estimate","k_lower_95","k_upper_95","AIC_k","AIC_k_95","AIC_0","AIC_1","Estimate","Std. Error","z value","Pr(>|z|)","R2","model","filename","n_pairs"
2.6949,1.9929,3.5872,584.1858,586.1858,606.739,596.4275,5.37419030622889,1.14604623304217,4.68933115548329,2.74099494901124e-06,0.0705284120093341,"binomial","hemingway2018",15
