"k_estimate","k_lower_95","k_upper_95","AIC_k","AIC_k_95","AIC_0","AIC_1","Estimate","Std. Error","z value","Pr(>|z|)","R2","model","filename","n_pairs"
-0.4036,-0.4575,-0.3507,9487.7297,9489.7297,9613.638,10727.2353,10.2096201638968,0.302959851611843,33.6995813457736,5.86288225193714e-249,0.239015983658241,"binomial","johnston2023",36
