"k_estimate","k_lower_95","k_upper_95","AIC_k","AIC_k_95","AIC_0","AIC_1","Estimate","Std. Error","z value","Pr(>|z|)","R2","model","filename","n_pairs"
1.5651,1.1188,2.0557,257.0404,259.0404,289.1647,260.3289,12.8680479933943,0.532636166871657,24.1591705440741,5.98080324783026e-129,0.999999999644805,"binomial","mayrhofer2013",8
