"k_estimate","k_lower_95","k_upper_95","AIC_k","AIC_k_95","AIC_0","AIC_1","Estimate","Std. Error","z value","Pr(>|z|)","R2","model","filename","n_pairs"
0.3874,0.2805,0.4959,165.8753,167.8753,191.5072,217.8811,0.446804453289924,0.0255563969163372,17.4830769279648,1.92808419000795e-68,0.999999179014944,"binomial","nachev2013_honeybees",27
