"k_estimate","k_lower_95","k_upper_95","AIC_k","AIC_k_95","AIC_0","AIC_1","Estimate","Std. Error","z value","Pr(>|z|)","R2","model","filename","n_pairs"
0.1845,-0.2675,0.5894,149.1726,151.1726,149.5623,155.8267,0.342855487790543,0.0850912766777215,4.02926717258091,5.59510001087091e-05,0.510187222158188,"binomial","romo2002",29
